Age_Group,Num_Claims,Avg_Claim
19-35,363,25263.765620
60+,649,25083.798089
0-18,442,25335.806968
36-60,546,24110.077106
