Diagnosis,Avg_Claim
Allergy,25742.630802
Flu,25534.930940
Cancer,25196.572201
"Heart Disease",24614.787685
Fracture,24104.042407
